Timestamp,Voltage,Current,Transformer_kW,Scenario,Fault_Feeder
2026-05-08 11:18:12,224.85,10.41,21.27,Normal,
2026-05-08 11:33:12,0,0,0,Power Cut,F1
2026-05-08 11:48:12,245.03,31.67,54,Lighting,F2
2026-05-08 12:03:12,226.85,14.84,31.69,Normal,
2026-05-08 12:18:12,228.47,8.64,32.58,Normal,
2026-05-08 12:33:12,224.22,11.1,23.15,Normal,
2026-05-08 12:48:12,209.76,28.77,54.7,Theft,F2
2026-05-08 13:03:12,183.83,20.19,21.47,Branch Touching,F4
2026-05-08 13:18:12,156.64,23.31,25.12,Branch Touching,F4
2026-05-08 13:33:12,244.81,43.83,49.09,Lighting,F2
2026-05-08 13:48:12,275.29,34.42,67.77,Lighting,F2
2026-05-08 14:03:12,224.16,11.26,33.61,Normal,
2026-05-08 14:18:12,175.13,33.11,26.2,Branch Touching,F4
2026-05-08 14:33:12,201.05,19.92,48.49,Theft,F2
2026-05-08 14:48:12,268.41,35.63,52.31,Lighting,F2
2026-05-08 15:03:12,193.47,21.86,45.79,Theft,F2
2026-05-08 15:18:12,0,0,0,Power Cut,F1
2026-05-08 15:33:12,175.46,31.67,28.42,Branch Touching,F4
2026-05-08 15:48:12,180.68,25.04,44.98,Theft,F2
2026-05-08 16:03:12,183.65,34.51,22.51,Branch Touching,F4
2026-05-08 16:18:12,115.54,33.74,21.64,Ground Fault,F3
2026-05-08 16:33:12,0,0,0,Power Cut,F1
2026-05-08 16:48:12,184.9,20.86,17.47,Branch Touching,F4
2026-05-08 17:03:12,157.57,33.13,22.19,Branch Touching,F4
2026-05-08 17:18:12,270.46,48.95,67.78,Lighting,F2
2026-05-08 17:33:12,0,0,0,Power Cut,F1
2026-05-08 17:48:12,222.41,8.46,33.02,Normal,
2026-05-08 18:03:12,0,0,0,Power Cut,F1
2026-05-08 18:18:12,0,0,0,Power Cut,F1
2026-05-08 18:33:12,228.03,12.48,33.23,Normal,
2026-05-08 18:48:12,113.86,29.96,11.91,Ground Fault,F3
2026-05-08 19:03:12,262.8,49.96,61.59,Lighting,F2
2026-05-08 19:18:12,181.88,29.4,43.08,Theft,F2
2026-05-08 19:33:12,187.19,24.28,44.98,Theft,F2
2026-05-08 19:48:12,168.18,31.43,26.87,Branch Touching,F4
2026-05-08 20:03:12,195.13,27.13,41.36,Theft,F2
2026-05-08 20:18:12,0,0,0,Power Cut,F1
2026-05-08 20:33:12,123.23,26.51,12.98,Ground Fault,F3
2026-05-08 20:48:12,265.51,38.38,53.75,Lighting,F2
2026-05-08 21:03:12,265.93,42.4,51.12,Lighting,F2
2026-05-08 21:18:12,269.94,35.21,60.59,Lighting,F2
2026-05-08 21:33:12,222.8,14.15,30.91,Normal,
2026-05-08 21:48:12,0,0,0,Power Cut,F1
2026-05-08 22:03:12,0,0,0,Power Cut,F1
2026-05-08 22:18:12,227.01,8.17,21.64,Normal,
2026-05-08 22:33:12,227.42,11.36,23.22,Normal,
2026-05-08 22:48:12,0,0,0,Power Cut,F1
2026-05-08 23:03:12,208.93,23.01,41.96,Theft,F2
2026-05-08 23:18:12,205.9,25.8,40.27,Theft,F2
2026-05-08 23:33:12,155.59,21.61,22.35,Branch Touching,F4
2026-05-08 23:48:12,0,0,0,Power Cut,F1
2026-05-09 00:03:12,0,0,0,Power Cut,F1
2026-05-09 00:18:12,187.36,21.05,28.4,Branch Touching,F4
2026-05-09 00:33:12,183.66,30.96,19.76,Branch Touching,F4
2026-05-09 00:48:12,190.94,19.71,41.72,Theft,F2
2026-05-09 01:03:12,0,0,0,Power Cut,F1
2026-05-09 01:18:12,203.07,22.03,48.6,Theft,F2
2026-05-09 01:33:12,104.77,31.62,18.85,Ground Fault,F3
2026-05-09 01:48:12,184,18.57,48.52,Theft,F2
2026-05-09 02:03:12,240.24,49.12,68.13,Lighting,F2
2026-05-09 02:18:12,151.58,34.41,16.23,Ground Fault,F3
2026-05-09 02:33:12,186.57,26.63,58.15,Theft,F2
2026-05-09 02:48:12,107.94,35.24,19.92,Ground Fault,F3
2026-05-09 03:03:12,0,0,0,Power Cut,F1
2026-05-09 03:18:12,138.68,39.43,24.83,Ground Fault,F3
2026-05-09 03:33:12,0,0,0,Power Cut,F1
2026-05-09 03:48:12,247.04,40.45,52.6,Lighting,F2
2026-05-09 04:03:12,0,0,0,Power Cut,F1
2026-05-09 04:18:12,227.66,10.82,24.86,Normal,
2026-05-09 04:33:12,122.31,37.11,11.36,Ground Fault,F3
2026-05-09 04:48:12,264.97,43.07,50.17,Lighting,F2
2026-05-09 05:03:12,245.15,48.99,66.32,Lighting,F2
2026-05-09 05:18:12,201.8,27.36,59.28,Theft,F2
2026-05-09 05:33:12,170.66,20.34,23.84,Branch Touching,F4
2026-05-09 05:48:12,197.61,26.81,40.91,Theft,F2
2026-05-09 06:03:12,0,0,0,Power Cut,F1
2026-05-09 06:18:12,0,0,0,Power Cut,F1
2026-05-09 06:33:12,0,0,0,Power Cut,F1
2026-05-09 06:48:12,0,0,0,Power Cut,F1
2026-05-09 07:03:12,253.37,39.52,61.25,Lighting,F2
2026-05-09 07:18:12,223.57,9.01,26.62,Normal,
2026-05-09 07:33:12,226.45,13.41,26.67,Normal,
2026-05-09 07:48:12,142.33,29.74,14.56,Ground Fault,F3
2026-05-09 08:03:12,199.65,29.28,40.29,Theft,F2
2026-05-09 08:18:12,222.07,11.74,23.25,Normal,
2026-05-09 08:33:12,226.82,8.32,24.34,Normal,
2026-05-09 08:48:12,164.8,31.77,23.62,Ground Fault,F3
2026-05-09 09:03:12,195.14,23.32,47.52,Theft,F2
2026-05-09 09:18:12,157.6,28.28,15.74,Branch Touching,F4
2026-05-09 09:33:12,193.33,27.16,47.79,Theft,F2
2026-05-09 09:48:12,0,0,0,Power Cut,F1
2026-05-09 10:03:12,200.13,21.38,42.37,Theft,F2
2026-05-09 10:18:12,268.75,49.93,51.04,Lighting,F2
2026-05-09 10:33:12,224.22,11.33,33.56,Normal,
2026-05-09 10:48:12,179.87,31.81,18.68,Branch Touching,F4
2026-05-09 11:03:12,0,0,0,Power Cut,F1
2026-05-09 11:18:12,269.24,49.13,65.13,Lighting,F2
2026-05-09 11:33:12,223.21,13.45,28.26,Normal,
2026-05-09 11:48:12,199.37,34.06,22.76,Branch Touching,F4
2026-05-09 12:03:12,192.45,29.94,43.88,Theft,F2
2026-05-09 12:18:12,227.38,13.9,34.35,Normal,
2026-05-09 12:33:12,203.2,20.07,49.74,Theft,F2
2026-05-09 12:48:12,157.15,20.94,24.48,Branch Touching,F4
2026-05-09 13:03:12,225.85,9.6,30.72,Normal,
2026-05-09 13:18:12,187.31,23.96,44.22,Theft,F2
2026-05-09 13:33:12,198.76,21.04,43.14,Theft,F2
2026-05-09 13:48:12,222.62,13.21,32.3,Normal,
2026-05-09 14:03:12,0,0,0,Power Cut,F1
2026-05-09 14:18:12,226.86,8.56,29.51,Normal,
2026-05-09 14:33:12,193.39,28.93,51.97,Theft,F2
2026-05-09 14:48:12,271.68,40.25,50.1,Lighting,F2
2026-05-09 15:03:12,165.87,32.47,20.83,Ground Fault,F3
2026-05-09 15:18:12,197.97,21.96,48.29,Theft,F2
2026-05-09 15:33:12,227.83,10.39,34.71,Normal,
2026-05-09 15:48:12,227.6,8.41,30.58,Normal,
2026-05-09 16:03:12,0,0,0,Power Cut,F1
2026-05-09 16:18:12,155.78,32.44,16.23,Ground Fault,F3
2026-05-09 16:33:12,0,0,0,Power Cut,F1
2026-05-09 16:48:12,0,0,0,Power Cut,F1
2026-05-09 17:03:12,0,0,0,Power Cut,F1
